model_type,cv_r2,cv_r2_std,cv_rmse,cv_rmse_std,test_r2,test_rmse,test_mae,test_pearson,y_rand_valid,y_rand_original,y_rand_mean
random_forest,0.5624983754730397,0.03805996162396403,0.6274561782119406,0.04454869642714697,-3.1508120701027025,1.8869202665463052,1.6940605420289854,0.13865528814497521,True,0.9096305988211171,0.7526984014369409
gradient_boosting,0.5671920989998551,0.028915503551726656,0.6240933378984417,0.03675103790661315,-3.652059742206063,1.997605178834122,1.8090294188717835,0.15678795068130247,True,0.869598384656484,0.5735247244951256
svr,0.594160119747027,0.03338507872745156,0.6040511109874163,0.03728001692449048,-1.1698558176367357,1.3642766685315164,1.1782813165630006,-0.0732501206040279,True,0.6522488746743218,0.05136070184260895
